{"files":["talantafc.local_wpvivid-66b638c0a6d5c_2024-08-09-18-41_backup_db.sql"],"tables":[{"name":"wp_e_notes_users_relations","size":16384,"rows":"0"},{"name":"wp_e_submissions_actions_log","size":16384,"rows":"0"},{"name":"wp_e_submissions_values","size":16384,"rows":"0"},{"name":"wp_wc_category_lookup","size":16384,"rows":"0"},{"name":"wp_wc_reserved_stock","size":16384,"rows":"0"},{"name":"wp_woocommerce_shipping_zone_methods","size":16384,"rows":"0"},{"name":"wp_woocommerce_shipping_zones","size":16384,"rows":"0"},{"name":"wp_actionscheduler_claims","size":32768,"rows":"0"},{"name":"wp_actionscheduler_groups","size":32768,"rows":"2"},{"name":"wp_e_events","size":32768,"rows":"4"},{"name":"wp_links","size":32768,"rows":"0"},{"name":"wp_term_relationships","size":32768,"rows":"106"},{"name":"wp_wc_product_attributes_lookup","size":32768,"rows":"0"},{"name":"wp_wc_product_download_directories","size":32768,"rows":"2"},{"name":"wp_wc_rate_limits","size":32768,"rows":"0"},{"name":"wp_wc_tax_rate_classes","size":32768,"rows":"2"},{"name":"wp_wc_webhooks","size":32768,"rows":"0"},{"name":"wp_woocommerce_attribute_taxonomies","size":32768,"rows":"0"},{"name":"wp_woocommerce_log","size":32768,"rows":"0"},{"name":"wp_woocommerce_order_items","size":32768,"rows":"0"},{"name":"wp_woocommerce_payment_tokens","size":32768,"rows":"0"},{"name":"wp_woocommerce_sessions","size":32768,"rows":"0"},{"name":"wp_commentmeta","size":49152,"rows":"0"},{"name":"wp_term_taxonomy","size":49152,"rows":"38"},{"name":"wp_termmeta","size":49152,"rows":"13"},{"name":"wp_terms","size":49152,"rows":"37"},{"name":"wp_usermeta","size":49152,"rows":"36"},{"name":"wp_wc_admin_note_actions","size":49152,"rows":"85"},{"name":"wp_wc_customer_lookup","size":49152,"rows":"0"},{"name":"wp_wc_download_log","size":49152,"rows":"0"},{"name":"wp_wc_order_coupon_lookup","size":49152,"rows":"0"},{"name":"wp_wc_order_operational_data","size":49152,"rows":"0"},{"name":"wp_wc_order_tax_lookup","size":49152,"rows":"0"},{"name":"wp_wc_orders_meta","size":49152,"rows":"0"},{"name":"wp_woocommerce_api_keys","size":49152,"rows":"0"},{"name":"wp_woocommerce_order_itemmeta","size":49152,"rows":"0"},{"name":"wp_woocommerce_payment_tokenmeta","size":49152,"rows":"0"},{"name":"wp_woocommerce_shipping_zone_locations","size":49152,"rows":"0"},{"name":"wp_woocommerce_tax_rate_locations","size":49152,"rows":"0"},{"name":"wp_users","size":65536,"rows":"0"},{"name":"wp_wc_admin_notes","size":65536,"rows":"57"},{"name":"wp_wc_order_stats","size":65536,"rows":"0"},{"name":"wp_actionscheduler_logs","size":81920,"rows":"299"},{"name":"wp_wc_order_addresses","size":81920,"rows":"0"},{"name":"wp_wc_order_product_lookup","size":81920,"rows":"0"},{"name":"wp_woocommerce_downloadable_product_permissions","size":81920,"rows":"0"},{"name":"wp_woocommerce_tax_rates","size":81920,"rows":"0"},{"name":"wp_comments","size":114688,"rows":"11"},{"name":"wp_wc_orders","size":131072,"rows":"0"},{"name":"wp_wc_product_meta_lookup","size":131072,"rows":"0"},{"name":"wp_actionscheduler_actions","size":163840,"rows":"102"},{"name":"wp_e_notes","size":196608,"rows":"0"},{"name":"wp_e_submissions","size":262144,"rows":"0"},{"name":"wp_options","size":4341760,"rows":"745"},{"name":"wp_posts","size":15466496,"rows":"811"},{"name":"wp_postmeta","size":36651008,"rows":"6910"}],"dump_db":1,"file_type":"databases","home_url":"http:\/\/talantafc.local","root_flag":"custom","php_version":"8.1.23","mysql_version":"8.0.16","wp_version":"6.6.1","find_zero_date":1,"file":"talantafc.local_wpvivid-66b638c0a6d5c_2024-08-09-18-41_backup_db.part001.zip"}